{
  "E1": -5.205131993058694,
  "E2": -13.005062122732362,
  "H0": -21.801626328643984,
  "H1": -406.24159000566505,
  "H2": 1651.028989263041,
  "I2": -2905.1643077201775,
  "I3": -2136.1710486824322,
  "I4": -1238.2289214962166
}